-- MySQL dump 10.13  Distrib 5.6.17, for Win64 (x86_64)
--
-- Host: 127.0.0.1    Database: dbs_hitop
-- ------------------------------------------------------
-- Server version	5.5.27

/*!40101 SET @OLD_CHARACTER_SET_CLIENT=@@CHARACTER_SET_CLIENT */;
/*!40101 SET @OLD_CHARACTER_SET_RESULTS=@@CHARACTER_SET_RESULTS */;
/*!40101 SET @OLD_COLLATION_CONNECTION=@@COLLATION_CONNECTION */;
/*!40101 SET NAMES utf8 */;
/*!40103 SET @OLD_TIME_ZONE=@@TIME_ZONE */;
/*!40103 SET TIME_ZONE='+00:00' */;
/*!40014 SET @OLD_UNIQUE_CHECKS=@@UNIQUE_CHECKS, UNIQUE_CHECKS=0 */;
/*!40014 SET @OLD_FOREIGN_KEY_CHECKS=@@FOREIGN_KEY_CHECKS, FOREIGN_KEY_CHECKS=0 */;
/*!40101 SET @OLD_SQL_MODE=@@SQL_MODE, SQL_MODE='NO_AUTO_VALUE_ON_ZERO' */;
/*!40111 SET @OLD_SQL_NOTES=@@SQL_NOTES, SQL_NOTES=0 */;

--
-- Table structure for table `branch`
--

DROP TABLE IF EXISTS `branch`;
/*!40101 SET @saved_cs_client     = @@character_set_client */;
/*!40101 SET character_set_client = utf8 */;
CREATE TABLE `branch` (
  `id` bigint(20) NOT NULL AUTO_INCREMENT,
  `code` varchar(45) DEFAULT '',
  `name` varchar(45) DEFAULT '',
  `is_show` int(1) DEFAULT '1',
  `date_created` datetime DEFAULT '0000-00-00 00:00:00',
  `last_modified_date` datetime DEFAULT '0000-00-00 00:00:00',
  `created_by` bigint(20) DEFAULT '0',
  `last_modified_by` bigint(20) DEFAULT '0',
  PRIMARY KEY (`id`)
) ENGINE=InnoDB AUTO_INCREMENT=7 DEFAULT CHARSET=latin1;
/*!40101 SET character_set_client = @saved_cs_client */;

--
-- Dumping data for table `branch`
--

LOCK TABLES `branch` WRITE;
/*!40000 ALTER TABLE `branch` DISABLE KEYS */;
INSERT INTO `branch` VALUES (1,'01','Manila',1,'2015-05-19 00:00:00','2015-06-30 04:21:45',1,1),(2,'02','Makati',1,'2015-05-24 02:26:23','2015-06-30 04:20:08',1,1),(3,'03','Pasay',1,'2015-05-26 04:26:38','2015-05-26 04:26:38',1,1),(4,'04','Valenzuela',1,'2015-05-26 03:45:00','2015-05-26 03:45:00',1,1),(6,'05','Bambang',1,'2015-05-27 07:16:11','2015-05-27 07:16:11',1,1);
/*!40000 ALTER TABLE `branch` ENABLE KEYS */;
UNLOCK TABLES;
/*!50003 SET @saved_cs_client      = @@character_set_client */ ;
/*!50003 SET @saved_cs_results     = @@character_set_results */ ;
/*!50003 SET @saved_col_connection = @@collation_connection */ ;
/*!50003 SET character_set_client  = utf8 */ ;
/*!50003 SET character_set_results = utf8 */ ;
/*!50003 SET collation_connection  = utf8_general_ci */ ;
/*!50003 SET @saved_sql_mode       = @@sql_mode */ ;
/*!50003 SET sql_mode              = '' */ ;
DELIMITER ;;
/*!50003 CREATE*/ /*!50017 DEFINER=`root`@`localhost`*/ /*!50003 TRIGGER `dbs_hitop`.`branch_AFTER_INSERT` AFTER INSERT ON `branch` 
FOR EACH ROW
BEGIN
	CALL process_initialize_branch_inventory(NEW.`id`);
END */;;
DELIMITER ;
/*!50003 SET sql_mode              = @saved_sql_mode */ ;
/*!50003 SET character_set_client  = @saved_cs_client */ ;
/*!50003 SET character_set_results = @saved_cs_results */ ;
/*!50003 SET collation_connection  = @saved_col_connection */ ;

--
-- Table structure for table `daily_transaction_summary`
--

DROP TABLE IF EXISTS `daily_transaction_summary`;
/*!40101 SET @saved_cs_client     = @@character_set_client */;
/*!40101 SET character_set_client = utf8 */;
CREATE TABLE `daily_transaction_summary` (
  `id` bigint(20) NOT NULL AUTO_INCREMENT,
  `date` date DEFAULT '0000-00-00',
  `purchase_receive` int(11) DEFAULT '0',
  `customer_return` int(11) DEFAULT '0',
  `stock_receive` int(11) DEFAULT '0',
  `adjust_increase` int(11) DEFAULT '0',
  `damage` int(11) DEFAULT '0',
  `purchase_return` int(11) DEFAULT '0',
  `stock_delivery` int(11) DEFAULT '0',
  `customer_delivery` int(11) DEFAULT '0',
  `adjust_decrease` int(11) DEFAULT '0',
  `warehouse_release` int(11) DEFAULT '0',
  PRIMARY KEY (`id`)
) ENGINE=InnoDB DEFAULT CHARSET=latin1;
/*!40101 SET character_set_client = @saved_cs_client */;

--
-- Dumping data for table `daily_transaction_summary`
--

LOCK TABLES `daily_transaction_summary` WRITE;
/*!40000 ALTER TABLE `daily_transaction_summary` DISABLE KEYS */;
/*!40000 ALTER TABLE `daily_transaction_summary` ENABLE KEYS */;
UNLOCK TABLES;

--
-- Table structure for table `damage_detail`
--

DROP TABLE IF EXISTS `damage_detail`;
/*!40101 SET @saved_cs_client     = @@character_set_client */;
/*!40101 SET character_set_client = utf8 */;
CREATE TABLE `damage_detail` (
  `id` bigint(20) NOT NULL AUTO_INCREMENT,
  `headid` bigint(20) DEFAULT '0',
  `quantity` int(9) DEFAULT '0',
  `product_id` bigint(20) DEFAULT '0',
  `description` varchar(200) DEFAULT '',
  `memo` varchar(150) DEFAULT '',
  PRIMARY KEY (`id`)
) ENGINE=InnoDB DEFAULT CHARSET=latin1;
/*!40101 SET character_set_client = @saved_cs_client */;

--
-- Dumping data for table `damage_detail`
--

LOCK TABLES `damage_detail` WRITE;
/*!40000 ALTER TABLE `damage_detail` DISABLE KEYS */;
/*!40000 ALTER TABLE `damage_detail` ENABLE KEYS */;
UNLOCK TABLES;
/*!50003 SET @saved_cs_client      = @@character_set_client */ ;
/*!50003 SET @saved_cs_results     = @@character_set_results */ ;
/*!50003 SET @saved_col_connection = @@collation_connection */ ;
/*!50003 SET character_set_client  = utf8 */ ;
/*!50003 SET character_set_results = utf8 */ ;
/*!50003 SET collation_connection  = utf8_general_ci */ ;
/*!50003 SET @saved_sql_mode       = @@sql_mode */ ;
/*!50003 SET sql_mode              = '' */ ;
DELIMITER ;;
/*!50003 CREATE*/ /*!50017 DEFINER=`root`@`localhost`*/ /*!50003 TRIGGER `dbs_hitop`.`damage_detail_BEFORE_INSERT` BEFORE INSERT ON `damage_detail` 
FOR EACH ROW
BEGIN
	CALL process_compute_inventory_for_detail(NEW.`product_id`,(-1 * NEW.`quantity`),NEW.`headid`,'DAMAGE DETAIL');
END */;;
DELIMITER ;
/*!50003 SET sql_mode              = @saved_sql_mode */ ;
/*!50003 SET character_set_client  = @saved_cs_client */ ;
/*!50003 SET character_set_results = @saved_cs_results */ ;
/*!50003 SET collation_connection  = @saved_col_connection */ ;
/*!50003 SET @saved_cs_client      = @@character_set_client */ ;
/*!50003 SET @saved_cs_results     = @@character_set_results */ ;
/*!50003 SET @saved_col_connection = @@collation_connection */ ;
/*!50003 SET character_set_client  = utf8 */ ;
/*!50003 SET character_set_results = utf8 */ ;
/*!50003 SET collation_connection  = utf8_general_ci */ ;
/*!50003 SET @saved_sql_mode       = @@sql_mode */ ;
/*!50003 SET sql_mode              = '' */ ;
DELIMITER ;;
/*!50003 CREATE*/ /*!50017 DEFINER=`root`@`localhost`*/ /*!50003 TRIGGER `dbs_hitop`.`damage_detail_BEFORE_UPDATE` BEFORE UPDATE ON `damage_detail` 
FOR EACH ROW
BEGIN
	IF (OLD.`product_id` <> NEW.`product_id`) THEN
		CALL process_compute_inventory_for_detail(OLD.`product_id`,OLD.`quantity`,OLD.`headid`,'DAMAGE DETAIL');
        CALL process_compute_inventory_for_detail(NEW.`product_id`,(-1 * NEW.`quantity`),NEW.`headid`,'DAMAGE DETAIL');
	ELSEIF (OLD.`quantity` <> NEW.`quantity`) THEN
		SET @qty := (NEW.`quantity` - OLD.`quantity`) * -1;
		CALL process_compute_inventory_for_detail(NEW.`product_id`,@qty,NEW.`headid`,'DAMAGE DETAIL');
    END IF;
END */;;
DELIMITER ;
/*!50003 SET sql_mode              = @saved_sql_mode */ ;
/*!50003 SET character_set_client  = @saved_cs_client */ ;
/*!50003 SET character_set_results = @saved_cs_results */ ;
/*!50003 SET collation_connection  = @saved_col_connection */ ;
/*!50003 SET @saved_cs_client      = @@character_set_client */ ;
/*!50003 SET @saved_cs_results     = @@character_set_results */ ;
/*!50003 SET @saved_col_connection = @@collation_connection */ ;
/*!50003 SET character_set_client  = utf8 */ ;
/*!50003 SET character_set_results = utf8 */ ;
/*!50003 SET collation_connection  = utf8_general_ci */ ;
/*!50003 SET @saved_sql_mode       = @@sql_mode */ ;
/*!50003 SET sql_mode              = '' */ ;
DELIMITER ;;
/*!50003 CREATE*/ /*!50017 DEFINER=`root`@`localhost`*/ /*!50003 TRIGGER `dbs_hitop`.`damage_detail_BEFORE_DELETE` BEFORE DELETE ON `damage_detail` 
FOR EACH ROW
BEGIN
	CALL process_compute_inventory_for_detail(OLD.`product_id`,OLD.`quantity`,OLD.`headid`,'DAMAGE DETAIL');
END */;;
DELIMITER ;
/*!50003 SET sql_mode              = @saved_sql_mode */ ;
/*!50003 SET character_set_client  = @saved_cs_client */ ;
/*!50003 SET character_set_results = @saved_cs_results */ ;
/*!50003 SET collation_connection  = @saved_col_connection */ ;

--
-- Table structure for table `damage_head`
--

DROP TABLE IF EXISTS `damage_head`;
/*!40101 SET @saved_cs_client     = @@character_set_client */;
/*!40101 SET character_set_client = utf8 */;
CREATE TABLE `damage_head` (
  `id` bigint(20) NOT NULL AUTO_INCREMENT,
  `reference_number` int(11) DEFAULT '0',
  `branch_id` bigint(20) DEFAULT '0',
  `entry_date` datetime DEFAULT NULL,
  `memo` varchar(150) DEFAULT '',
  `is_show` int(1) DEFAULT '1',
  `is_used` int(1) DEFAULT '0',
  `created_by` bigint(20) DEFAULT '0',
  `last_modified_by` bigint(20) DEFAULT '0',
  `date_created` datetime DEFAULT '0000-00-00 00:00:00',
  `last_modified_date` datetime DEFAULT '0000-00-00 00:00:00',
  PRIMARY KEY (`id`)
) ENGINE=InnoDB DEFAULT CHARSET=latin1;
/*!40101 SET character_set_client = @saved_cs_client */;

--
-- Dumping data for table `damage_head`
--

LOCK TABLES `damage_head` WRITE;
/*!40000 ALTER TABLE `damage_head` DISABLE KEYS */;
/*!40000 ALTER TABLE `damage_head` ENABLE KEYS */;
UNLOCK TABLES;
/*!50003 SET @saved_cs_client      = @@character_set_client */ ;
/*!50003 SET @saved_cs_results     = @@character_set_results */ ;
/*!50003 SET @saved_col_connection = @@collation_connection */ ;
/*!50003 SET character_set_client  = utf8 */ ;
/*!50003 SET character_set_results = utf8 */ ;
/*!50003 SET collation_connection  = utf8_general_ci */ ;
/*!50003 SET @saved_sql_mode       = @@sql_mode */ ;
/*!50003 SET sql_mode              = '' */ ;
DELIMITER ;;
/*!50003 CREATE*/ /*!50017 DEFINER=`root`@`localhost`*/ /*!50003 TRIGGER `dbs_hitop`.`damage_head_BEFORE_UPDATE` BEFORE UPDATE ON `damage_head` 
FOR EACH ROW
BEGIN
	IF(NEW.`is_show` <> 1) THEN
		CALL process_compute_inventory_for_head('DAMAGE HEAD',NEW.`id`);
    END IF;
END */;;
DELIMITER ;
/*!50003 SET sql_mode              = @saved_sql_mode */ ;
/*!50003 SET character_set_client  = @saved_cs_client */ ;
/*!50003 SET character_set_results = @saved_cs_results */ ;
/*!50003 SET collation_connection  = @saved_col_connection */ ;

--
-- Table structure for table `inventory_adjust`
--

DROP TABLE IF EXISTS `inventory_adjust`;
/*!40101 SET @saved_cs_client     = @@character_set_client */;
/*!40101 SET character_set_client = utf8 */;
CREATE TABLE `inventory_adjust` (
  `id` bigint(20) NOT NULL AUTO_INCREMENT,
  `branch_id` bigint(20) DEFAULT '0',
  `product_id` bigint(20) DEFAULT '0',
  `old_inventory` int(11) DEFAULT '0',
  `new_inventory` int(11) DEFAULT '0',
  `memo` varchar(250) DEFAULT '',
  `is_show` int(1) DEFAULT '1',
  `status` int(1) DEFAULT '0',
  `created_by` bigint(20) DEFAULT '0',
  `last_modified_by` bigint(20) DEFAULT '0',
  `date_created` datetime DEFAULT '0000-00-00 00:00:00',
  `last_modified_date` datetime DEFAULT '0000-00-00 00:00:00',
  PRIMARY KEY (`id`)
) ENGINE=InnoDB DEFAULT CHARSET=latin1;
/*!40101 SET character_set_client = @saved_cs_client */;

--
-- Dumping data for table `inventory_adjust`
--

LOCK TABLES `inventory_adjust` WRITE;
/*!40000 ALTER TABLE `inventory_adjust` DISABLE KEYS */;
/*!40000 ALTER TABLE `inventory_adjust` ENABLE KEYS */;
UNLOCK TABLES;
/*!50003 SET @saved_cs_client      = @@character_set_client */ ;
/*!50003 SET @saved_cs_results     = @@character_set_results */ ;
/*!50003 SET @saved_col_connection = @@collation_connection */ ;
/*!50003 SET character_set_client  = utf8 */ ;
/*!50003 SET character_set_results = utf8 */ ;
/*!50003 SET collation_connection  = utf8_general_ci */ ;
/*!50003 SET @saved_sql_mode       = @@sql_mode */ ;
/*!50003 SET sql_mode              = '' */ ;
DELIMITER ;;
/*!50003 CREATE*/ /*!50017 DEFINER=`root`@`localhost`*/ /*!50003 TRIGGER `dbs_hitop`.`inventory_adjust_AFTER_INSERT` AFTER INSERT ON `inventory_adjust` FOR EACH ROW
BEGIN
	IF(NEW.`status` = 2) THEN
		SET @quantity := NEW.`new_inventory` - NEW.`old_inventory`;
		CALL process_compute_inventory_for_detail(NEW.`product_id`,@quantity,NEW.`id`,'INVENTORY ADJUST');
	END IF;
END */;;
DELIMITER ;
/*!50003 SET sql_mode              = @saved_sql_mode */ ;
/*!50003 SET character_set_client  = @saved_cs_client */ ;
/*!50003 SET character_set_results = @saved_cs_results */ ;
/*!50003 SET collation_connection  = @saved_col_connection */ ;
/*!50003 SET @saved_cs_client      = @@character_set_client */ ;
/*!50003 SET @saved_cs_results     = @@character_set_results */ ;
/*!50003 SET @saved_col_connection = @@collation_connection */ ;
/*!50003 SET character_set_client  = utf8 */ ;
/*!50003 SET character_set_results = utf8 */ ;
/*!50003 SET collation_connection  = utf8_general_ci */ ;
/*!50003 SET @saved_sql_mode       = @@sql_mode */ ;
/*!50003 SET sql_mode              = '' */ ;
DELIMITER ;;
/*!50003 CREATE*/ /*!50017 DEFINER=`root`@`localhost`*/ /*!50003 TRIGGER `dbs_hitop`.`inventory_adjust_BEFORE_UPDATE` BEFORE UPDATE ON `inventory_adjust` FOR EACH ROW
F:BEGIN
	IF(NEW.`is_show` <> 1 AND OLD.`status` = 1) THEN
		SET @quantity := (OLD.`new_inventory` - OLD.`old_inventory`) * -1;
        
		CALL process_compute_inventory_for_detail(OLD.`product_id`,@quantity,OLD.`id`,'INVENTORY ADJUST');
	ELSEIF(NEW.`status` <> 1 AND NEW.`status` <> OLD.`status`) THEN
		IF(OLD.`status` IN(1,3) AND NEW.`status` = 2) THEN
			SET @quantity := NEW.`new_inventory` - NEW.`old_inventory`;
		ELSEIF(OLD.`status` = 2 AND NEW.`status` = 3) THEN
			SET @quantity := NEW.`old_inventory` - NEW.`new_inventory`;
		ELSEIF(OLD.`status` = 1 AND NEW.`status` = 3) THEN
			LEAVE F;
		END IF;
		
		CALL process_compute_inventory_for_detail(NEW.`product_id`,@quantity,NEW.`id`,'INVENTORY ADJUST');
	END IF;
END */;;
DELIMITER ;
/*!50003 SET sql_mode              = @saved_sql_mode */ ;
/*!50003 SET character_set_client  = @saved_cs_client */ ;
/*!50003 SET character_set_results = @saved_cs_results */ ;
/*!50003 SET collation_connection  = @saved_col_connection */ ;

--
-- Table structure for table `material_type`
--

DROP TABLE IF EXISTS `material_type`;
/*!40101 SET @saved_cs_client     = @@character_set_client */;
/*!40101 SET character_set_client = utf8 */;
CREATE TABLE `material_type` (
  `id` bigint(20) NOT NULL AUTO_INCREMENT,
  `code` varchar(10) DEFAULT '',
  `name` varchar(45) DEFAULT '',
  `is_show` int(1) DEFAULT '1',
  `date_created` datetime DEFAULT '0000-00-00 00:00:00',
  `last_modified_date` datetime DEFAULT '0000-00-00 00:00:00',
  `created_by` bigint(20) DEFAULT '0',
  `last_modified_by` bigint(20) DEFAULT '0',
  PRIMARY KEY (`id`)
) ENGINE=InnoDB AUTO_INCREMENT=14 DEFAULT CHARSET=latin1;
/*!40101 SET character_set_client = @saved_cs_client */;

--
-- Dumping data for table `material_type`
--

LOCK TABLES `material_type` WRITE;
/*!40000 ALTER TABLE `material_type` DISABLE KEYS */;
INSERT INTO `material_type` VALUES (1,'T','TIGER BRONZE',1,'2015-05-20 00:00:00','2015-05-20 00:00:00',1,1),(2,'S','STAINLESS STEEL',1,'2015-05-20 00:00:00','2015-05-20 00:00:00',1,1),(3,'R','BRASS',1,'2015-05-20 00:00:00','2015-05-20 00:00:00',1,1),(4,'Z','ZINGA',0,'2015-05-20 00:00:00','2015-06-30 02:07:20',1,1),(5,'A','ALUMINUM',1,'2015-05-20 00:00:00','2015-06-30 02:03:47',1,1),(6,'B','BI / BLACK IRON',1,'2015-05-20 00:00:00','2015-06-30 02:06:02',1,1),(7,'G','GALVANIZED',1,'2015-05-20 00:00:00','2015-05-20 00:00:00',1,1),(8,'Z','ZINGA',1,'2015-06-30 02:27:15','2015-06-30 02:27:15',1,1),(9,'L','LEMON',1,'2015-06-30 02:32:46','2015-06-30 02:32:46',1,1),(10,'K','KINAMON',1,'2015-06-30 02:32:55','2015-06-30 02:32:55',1,1),(11,'X','XENO',1,'2015-06-30 02:33:36','2015-06-30 02:33:36',1,1),(12,'P','PENTA',1,'2015-06-30 02:34:07','2015-06-30 02:34:07',1,1),(13,'H','HENTA',1,'2015-06-30 02:35:37','2015-06-30 02:35:37',1,1);
/*!40000 ALTER TABLE `material_type` ENABLE KEYS */;
UNLOCK TABLES;

--
-- Table structure for table `product`
--

DROP TABLE IF EXISTS `product`;
/*!40101 SET @saved_cs_client     = @@character_set_client */;
/*!40101 SET character_set_client = utf8 */;
CREATE TABLE `product` (
  `id` bigint(20) NOT NULL AUTO_INCREMENT,
  `material_code` varchar(20) DEFAULT '0',
  `description` varchar(80) DEFAULT '',
  `type` int(1) DEFAULT '0',
  `material_type_id` bigint(20) DEFAULT '0',
  `subgroup_id` bigint(20) DEFAULT '0',
  `is_show` int(1) DEFAULT '1',
  `date_created` datetime DEFAULT '0000-00-00 00:00:00',
  `last_modified_date` datetime DEFAULT '0000-00-00 00:00:00',
  `created_by` bigint(20) DEFAULT '0',
  `last_modified_by` bigint(20) DEFAULT '0',
  PRIMARY KEY (`id`)
) ENGINE=InnoDB AUTO_INCREMENT=23 DEFAULT CHARSET=latin1;
/*!40101 SET character_set_client = @saved_cs_client */;

--
-- Dumping data for table `product`
--

LOCK TABLES `product` WRITE;
/*!40000 ALTER TABLE `product` DISABLE KEYS */;
INSERT INTO `product` VALUES (1,'BJ014L20','BI Tube 1/4\" (0.8mm) x 20 Ft.',1,6,6,1,'2015-05-26 12:29:49','2015-05-26 12:29:49',1,1),(2,'BJ056L20','BI Tube 5/16\" (0.8mm) x 20 Ft.',1,6,6,1,'2015-05-26 12:30:14','2015-05-26 12:30:14',1,1),(3,'BJ038A20','BI Tube 3/8\" (1.0mm) x 20 Ft.',1,6,6,1,'2015-05-26 12:34:41','2015-05-26 12:34:41',1,1),(4,'BJ012C20','BI Tube 1/2\" (1.6mm) x 20 Ft.',1,6,6,1,'2015-05-26 12:34:52','2015-05-26 12:34:52',1,1),(5,'BJ058B19','BI Tube 5/8\" (1.2mm) x 19 Ft.',1,6,6,1,'2015-05-26 12:35:11','2015-05-26 12:35:11',1,1),(6,'BJ058B20','BI Tube 5/8\" (1.2mm) x 20 Ft.',1,6,6,1,'2015-05-26 12:35:21','2015-05-26 12:35:21',1,1),(7,'BC06004F','Hot Rolled COIL 6.0mm x 4 Ft.',1,6,2,1,'2015-05-26 12:38:46','2015-06-30 12:44:43',1,1),(8,'BC05004S','Hot Rolled COIL 5.0mm x 4 Ft. ',1,6,2,1,'2015-05-26 12:38:58','2015-06-30 12:54:40',1,1),(9,'SE112233','Hot Rolled COIL 4.5mm x 4 Ft. ',1,2,3,1,'2015-05-26 12:39:18','2015-06-30 01:29:35',1,1),(10,'SS304CUT','SS-304  CUTTINGS',0,0,0,1,'2015-05-26 12:47:26','2015-05-26 12:47:26',1,1),(11,'SS316CUT','SS-316  CUTTINGS',0,0,0,1,'2015-05-26 12:47:36','2015-05-26 12:47:36',1,1),(12,'ALUMNCUT','ALUMINUM  CUTTING',0,0,0,1,'2015-05-26 12:50:35','2015-05-26 12:50:35',1,1),(13,'MATLABOR','LABOR ONLY, MAT.  FROM CUSTOMER',0,0,0,1,'2015-05-26 12:52:17','2015-05-26 12:52:17',1,1),(14,'COPPRCUT','COPPER  CUTTINGS',0,0,0,1,'2015-05-26 12:52:27','2015-05-26 12:52:27',1,1),(22,'AE123456','ALU EMBRO',1,5,3,1,'2015-06-30 02:26:00','2015-07-01 06:54:35',1,1);
/*!40000 ALTER TABLE `product` ENABLE KEYS */;
UNLOCK TABLES;

--
-- Table structure for table `product_branch_inventory`
--

DROP TABLE IF EXISTS `product_branch_inventory`;
/*!40101 SET @saved_cs_client     = @@character_set_client */;
/*!40101 SET character_set_client = utf8 */;
CREATE TABLE `product_branch_inventory` (
  `id` bigint(20) NOT NULL AUTO_INCREMENT,
  `branch_id` bigint(20) DEFAULT '0',
  `product_id` bigint(20) DEFAULT '0',
  `inventory` int(11) DEFAULT '0',
  `min_inv` int(7) DEFAULT '1',
  `max_inv` int(7) DEFAULT '1',
  PRIMARY KEY (`id`),
  KEY `idx_productid` (`product_id`),
  KEY `idx_productid_branchid` (`product_id`,`branch_id`)
) ENGINE=InnoDB AUTO_INCREMENT=81 DEFAULT CHARSET=latin1;
/*!40101 SET character_set_client = @saved_cs_client */;

--
-- Dumping data for table `product_branch_inventory`
--

LOCK TABLES `product_branch_inventory` WRITE;
/*!40000 ALTER TABLE `product_branch_inventory` DISABLE KEYS */;
INSERT INTO `product_branch_inventory` VALUES (1,1,1,0,0,0),(2,2,1,0,0,0),(3,3,1,0,0,0),(4,1,2,0,0,0),(5,2,2,0,0,0),(6,3,2,0,0,0),(7,1,3,0,0,0),(8,2,3,0,0,0),(9,3,3,0,0,0),(10,1,4,0,0,0),(11,2,4,0,0,0),(12,3,4,0,0,0),(13,1,5,0,0,0),(14,2,5,0,0,0),(15,3,5,0,0,0),(16,1,6,0,0,0),(17,2,6,0,0,0),(18,3,6,0,0,0),(19,1,7,0,0,0),(20,2,7,0,0,0),(21,3,7,0,0,0),(22,1,8,0,0,0),(23,2,8,0,0,0),(24,3,8,0,0,0),(25,1,9,0,0,0),(26,2,9,0,0,0),(27,3,9,0,0,0),(28,1,10,0,0,0),(29,2,10,0,0,0),(30,3,10,0,0,0),(31,1,11,0,0,0),(32,2,11,0,0,0),(33,3,11,0,0,0),(34,1,12,0,0,0),(35,2,12,0,0,0),(36,3,12,0,0,0),(37,1,13,0,0,0),(38,2,13,0,0,0),(39,3,13,0,0,0),(40,1,14,0,0,0),(41,2,14,0,0,0),(42,3,14,0,0,0),(43,4,1,0,0,0),(44,4,2,0,0,0),(45,4,3,0,0,0),(46,4,4,0,0,0),(47,4,5,0,0,0),(48,4,6,0,0,0),(49,4,7,0,0,0),(50,4,8,0,0,0),(51,4,9,0,0,0),(52,4,10,0,0,0),(53,4,11,0,0,0),(54,4,12,0,0,0),(55,4,13,0,0,0),(56,4,14,0,0,0),(61,6,1,0,0,0),(62,6,2,0,0,0),(63,6,3,0,0,0),(64,6,4,0,0,0),(65,6,5,0,0,0),(66,6,6,0,0,0),(67,6,7,0,0,0),(68,6,8,0,0,0),(69,6,9,0,0,0),(70,6,10,0,0,0),(71,6,11,0,0,0),(72,6,12,0,0,0),(73,6,13,0,0,0),(74,6,14,0,0,0),(76,1,22,0,0,0),(77,2,22,0,0,0),(78,3,22,0,0,0),(79,4,22,0,0,0),(80,6,22,0,0,0);
/*!40000 ALTER TABLE `product_branch_inventory` ENABLE KEYS */;
UNLOCK TABLES;

--
-- Table structure for table `purchase_detail`
--

DROP TABLE IF EXISTS `purchase_detail`;
/*!40101 SET @saved_cs_client     = @@character_set_client */;
/*!40101 SET character_set_client = utf8 */;
CREATE TABLE `purchase_detail` (
  `id` bigint(20) NOT NULL AUTO_INCREMENT,
  `headid` bigint(20) DEFAULT '0',
  `quantity` int(9) DEFAULT '0',
  `product_id` bigint(20) DEFAULT '0',
  `description` varchar(200) DEFAULT '',
  `memo` varchar(150) DEFAULT '',
  `recv_quantity` int(9) DEFAULT '0',
  PRIMARY KEY (`id`),
  KEY `idx_headid` (`headid`),
  KEY `idx_id_headid` (`id`,`headid`)
) ENGINE=InnoDB DEFAULT CHARSET=latin1;
/*!40101 SET character_set_client = @saved_cs_client */;

--
-- Dumping data for table `purchase_detail`
--

LOCK TABLES `purchase_detail` WRITE;
/*!40000 ALTER TABLE `purchase_detail` DISABLE KEYS */;
/*!40000 ALTER TABLE `purchase_detail` ENABLE KEYS */;
UNLOCK TABLES;

--
-- Table structure for table `purchase_head`
--

DROP TABLE IF EXISTS `purchase_head`;
/*!40101 SET @saved_cs_client     = @@character_set_client */;
/*!40101 SET character_set_client = utf8 */;
CREATE TABLE `purchase_head` (
  `id` bigint(20) NOT NULL AUTO_INCREMENT,
  `reference_number` int(11) DEFAULT '0',
  `branch_id` bigint(20) DEFAULT '0',
  `for_branchid` bigint(20) DEFAULT '0',
  `entry_date` datetime DEFAULT NULL,
  `supplier` varchar(100) DEFAULT '',
  `memo` varchar(150) DEFAULT '',
  `is_show` int(1) DEFAULT '1',
  `is_used` int(1) DEFAULT '0',
  `is_imported` int(1) DEFAULT '0',
  `created_by` bigint(20) DEFAULT '0',
  `last_modified_by` bigint(20) DEFAULT '0',
  `date_created` datetime DEFAULT '0000-00-00 00:00:00',
  `last_modified_date` datetime DEFAULT '0000-00-00 00:00:00',
  PRIMARY KEY (`id`),
  KEY `idx_isshow_isused_forbranchid` (`is_show`,`is_used`,`for_branchid`),
  KEY `idx_id_isshow_isused_forbranchid` (`id`,`is_show`,`is_used`,`for_branchid`)
) ENGINE=InnoDB DEFAULT CHARSET=latin1;
/*!40101 SET character_set_client = @saved_cs_client */;

--
-- Dumping data for table `purchase_head`
--

LOCK TABLES `purchase_head` WRITE;
/*!40000 ALTER TABLE `purchase_head` DISABLE KEYS */;
/*!40000 ALTER TABLE `purchase_head` ENABLE KEYS */;
UNLOCK TABLES;

--
-- Table structure for table `purchase_receive_detail`
--

DROP TABLE IF EXISTS `purchase_receive_detail`;
/*!40101 SET @saved_cs_client     = @@character_set_client */;
/*!40101 SET character_set_client = utf8 */;
CREATE TABLE `purchase_receive_detail` (
  `id` bigint(20) NOT NULL AUTO_INCREMENT,
  `headid` bigint(20) DEFAULT '0',
  `quantity` int(9) DEFAULT '0',
  `product_id` bigint(20) DEFAULT '0',
  `memo` varchar(150) DEFAULT '',
  `purchase_detail_id` bigint(20) DEFAULT '0',
  PRIMARY KEY (`id`),
  KEY `idx_headid` (`headid`),
  KEY `idx_purchasedetailid` (`purchase_detail_id`)
) ENGINE=InnoDB DEFAULT CHARSET=latin1;
/*!40101 SET character_set_client = @saved_cs_client */;

--
-- Dumping data for table `purchase_receive_detail`
--

LOCK TABLES `purchase_receive_detail` WRITE;
/*!40000 ALTER TABLE `purchase_receive_detail` DISABLE KEYS */;
/*!40000 ALTER TABLE `purchase_receive_detail` ENABLE KEYS */;
UNLOCK TABLES;
/*!50003 SET @saved_cs_client      = @@character_set_client */ ;
/*!50003 SET @saved_cs_results     = @@character_set_results */ ;
/*!50003 SET @saved_col_connection = @@collation_connection */ ;
/*!50003 SET character_set_client  = utf8 */ ;
/*!50003 SET character_set_results = utf8 */ ;
/*!50003 SET collation_connection  = utf8_general_ci */ ;
/*!50003 SET @saved_sql_mode       = @@sql_mode */ ;
/*!50003 SET sql_mode              = '' */ ;
DELIMITER ;;
/*!50003 CREATE*/ /*!50017 DEFINER=`root`@`localhost`*/ /*!50003 TRIGGER `dbs_hitop`.`purchase_receive_detail_BEFORE_INSERT` BEFORE INSERT ON `purchase_receive_detail` 
FOR EACH ROW
BEGIN
	CALL process_compute_inventory_for_detail(NEW.`product_id`,NEW.`quantity`,NEW.`headid`,'RECEIVE DETAIL');
	CALL process_update_receive(NEW.`purchase_detail_id`,NEW.`quantity`,'RECEIVE DETAIL');
END */;;
DELIMITER ;
/*!50003 SET sql_mode              = @saved_sql_mode */ ;
/*!50003 SET character_set_client  = @saved_cs_client */ ;
/*!50003 SET character_set_results = @saved_cs_results */ ;
/*!50003 SET collation_connection  = @saved_col_connection */ ;
/*!50003 SET @saved_cs_client      = @@character_set_client */ ;
/*!50003 SET @saved_cs_results     = @@character_set_results */ ;
/*!50003 SET @saved_col_connection = @@collation_connection */ ;
/*!50003 SET character_set_client  = utf8 */ ;
/*!50003 SET character_set_results = utf8 */ ;
/*!50003 SET collation_connection  = utf8_general_ci */ ;
/*!50003 SET @saved_sql_mode       = @@sql_mode */ ;
/*!50003 SET sql_mode              = '' */ ;
DELIMITER ;;
/*!50003 CREATE*/ /*!50017 DEFINER=`root`@`localhost`*/ /*!50003 TRIGGER `dbs_hitop`.`purchase_receive_detail_BEFORE_UPDATE` BEFORE UPDATE ON `purchase_receive_detail` 
FOR EACH ROW
BEGIN
	IF (OLD.`product_id` <> NEW.`product_id`) THEN
		CALL process_compute_inventory_for_detail(OLD.`product_id`,(-1 * OLD.`quantity`),OLD.`headid`,'RECEIVE DETAIL');
        CALL process_update_receive(OLD.`purchase_detail_id`,(-1 * OLD.`quantity`),'RECEIVE DETAIL');
        
        CALL process_compute_inventory_for_detail(NEW.`product_id`,NEW.`quantity`,NEW.`headid`,'RECEIVE DETAIL');
        CALL process_update_receive(NEW.`purchase_detail_id`,NEW.`quantity`,'RECEIVE DETAIL');
	ELSEIF (OLD.`quantity` <> NEW.`quantity`) THEN
		SET @qty := (NEW.`quantity` - OLD.`quantity`);
		CALL process_compute_inventory_for_detail(NEW.`product_id`,@qty,NEW.`headid`,'RECEIVE DETAIL');
		CALL process_update_receive(NEW.`purchase_detail_id`,@qty,'RECEIVE DETAIL');
    END IF;
END */;;
DELIMITER ;
/*!50003 SET sql_mode              = @saved_sql_mode */ ;
/*!50003 SET character_set_client  = @saved_cs_client */ ;
/*!50003 SET character_set_results = @saved_cs_results */ ;
/*!50003 SET collation_connection  = @saved_col_connection */ ;
/*!50003 SET @saved_cs_client      = @@character_set_client */ ;
/*!50003 SET @saved_cs_results     = @@character_set_results */ ;
/*!50003 SET @saved_col_connection = @@collation_connection */ ;
/*!50003 SET character_set_client  = utf8 */ ;
/*!50003 SET character_set_results = utf8 */ ;
/*!50003 SET collation_connection  = utf8_general_ci */ ;
/*!50003 SET @saved_sql_mode       = @@sql_mode */ ;
/*!50003 SET sql_mode              = '' */ ;
DELIMITER ;;
/*!50003 CREATE*/ /*!50017 DEFINER=`root`@`localhost`*/ /*!50003 TRIGGER `dbs_hitop`.`purchase_receive_detail_BEFORE_DELETE` BEFORE DELETE ON `purchase_receive_detail` 
FOR EACH ROW
BEGIN
	CALL process_compute_inventory_for_detail(OLD.`product_id`,(-1 * OLD.`quantity`),OLD.`headid`,'RECEIVE DETAIL');
END */;;
DELIMITER ;
/*!50003 SET sql_mode              = @saved_sql_mode */ ;
/*!50003 SET character_set_client  = @saved_cs_client */ ;
/*!50003 SET character_set_results = @saved_cs_results */ ;
/*!50003 SET collation_connection  = @saved_col_connection */ ;

--
-- Table structure for table `purchase_receive_head`
--

DROP TABLE IF EXISTS `purchase_receive_head`;
/*!40101 SET @saved_cs_client     = @@character_set_client */;
/*!40101 SET character_set_client = utf8 */;
CREATE TABLE `purchase_receive_head` (
  `id` bigint(20) NOT NULL AUTO_INCREMENT,
  `reference_number` int(11) DEFAULT '0',
  `branch_id` bigint(20) DEFAULT '0',
  `entry_date` datetime DEFAULT NULL,
  `memo` varchar(150) DEFAULT '',
  `is_show` int(1) DEFAULT '1',
  `is_used` int(1) DEFAULT '0',
  `created_by` bigint(20) DEFAULT '0',
  `last_modified_by` bigint(20) DEFAULT '0',
  `date_created` datetime DEFAULT '0000-00-00 00:00:00',
  `last_modified_date` datetime DEFAULT '0000-00-00 00:00:00',
  PRIMARY KEY (`id`),
  KEY `idx_id_isshow` (`is_show`,`id`)
) ENGINE=InnoDB DEFAULT CHARSET=latin1;
/*!40101 SET character_set_client = @saved_cs_client */;

--
-- Dumping data for table `purchase_receive_head`
--

LOCK TABLES `purchase_receive_head` WRITE;
/*!40000 ALTER TABLE `purchase_receive_head` DISABLE KEYS */;
/*!40000 ALTER TABLE `purchase_receive_head` ENABLE KEYS */;
UNLOCK TABLES;
/*!50003 SET @saved_cs_client      = @@character_set_client */ ;
/*!50003 SET @saved_cs_results     = @@character_set_results */ ;
/*!50003 SET @saved_col_connection = @@collation_connection */ ;
/*!50003 SET character_set_client  = utf8 */ ;
/*!50003 SET character_set_results = utf8 */ ;
/*!50003 SET collation_connection  = utf8_general_ci */ ;
/*!50003 SET @saved_sql_mode       = @@sql_mode */ ;
/*!50003 SET sql_mode              = '' */ ;
DELIMITER ;;
/*!50003 CREATE*/ /*!50017 DEFINER=`root`@`localhost`*/ /*!50003 TRIGGER `dbs_hitop`.`purchase_receive_head_BEFORE_UPDATE` BEFORE UPDATE ON `purchase_receive_head` 
FOR EACH ROW
BEGIN
	IF(NEW.`is_show` <> 1) THEN
		CALL process_compute_inventory_for_head('RECEIVE HEAD',NEW.`id`);
    END IF;
END */;;
DELIMITER ;
/*!50003 SET sql_mode              = @saved_sql_mode */ ;
/*!50003 SET character_set_client  = @saved_cs_client */ ;
/*!50003 SET character_set_results = @saved_cs_results */ ;
/*!50003 SET collation_connection  = @saved_col_connection */ ;

--
-- Table structure for table `purchase_return_detail`
--

DROP TABLE IF EXISTS `purchase_return_detail`;
/*!40101 SET @saved_cs_client     = @@character_set_client */;
/*!40101 SET character_set_client = utf8 */;
CREATE TABLE `purchase_return_detail` (
  `id` bigint(20) NOT NULL AUTO_INCREMENT,
  `headid` bigint(20) DEFAULT '0',
  `quantity` int(9) DEFAULT '0',
  `product_id` bigint(20) DEFAULT '0',
  `description` varchar(200) DEFAULT '',
  `memo` varchar(150) DEFAULT '',
  PRIMARY KEY (`id`),
  KEY `idx_headid` (`headid`),
  KEY `idx_id_headid` (`id`,`headid`)
) ENGINE=InnoDB AUTO_INCREMENT=5 DEFAULT CHARSET=latin1;
/*!40101 SET character_set_client = @saved_cs_client */;

--
-- Dumping data for table `purchase_return_detail`
--

LOCK TABLES `purchase_return_detail` WRITE;
/*!40000 ALTER TABLE `purchase_return_detail` DISABLE KEYS */;
INSERT INTO `purchase_return_detail` VALUES (1,1,7,1,'',''),(2,1,10,12,'CUTTINGS',''),(3,1,8,10,'SAMPLE',''),(4,3,5,7,'','');
/*!40000 ALTER TABLE `purchase_return_detail` ENABLE KEYS */;
UNLOCK TABLES;
/*!50003 SET @saved_cs_client      = @@character_set_client */ ;
/*!50003 SET @saved_cs_results     = @@character_set_results */ ;
/*!50003 SET @saved_col_connection = @@collation_connection */ ;
/*!50003 SET character_set_client  = utf8 */ ;
/*!50003 SET character_set_results = utf8 */ ;
/*!50003 SET collation_connection  = utf8_general_ci */ ;
/*!50003 SET @saved_sql_mode       = @@sql_mode */ ;
/*!50003 SET sql_mode              = '' */ ;
DELIMITER ;;
/*!50003 CREATE*/ /*!50017 DEFINER=`root`@`localhost`*/ /*!50003 TRIGGER `dbs_hitop`.`purchase_return_detail_BEFORE_INSERT` BEFORE INSERT ON `purchase_return_detail`
FOR EACH ROW
BEGIN
	CALL process_compute_inventory_for_detail(NEW.`product_id`,(-1 * NEW.`quantity`),NEW.`headid`,'PURCHASE RETURN DETAIL');
END */;;
DELIMITER ;
/*!50003 SET sql_mode              = @saved_sql_mode */ ;
/*!50003 SET character_set_client  = @saved_cs_client */ ;
/*!50003 SET character_set_results = @saved_cs_results */ ;
/*!50003 SET collation_connection  = @saved_col_connection */ ;
/*!50003 SET @saved_cs_client      = @@character_set_client */ ;
/*!50003 SET @saved_cs_results     = @@character_set_results */ ;
/*!50003 SET @saved_col_connection = @@collation_connection */ ;
/*!50003 SET character_set_client  = utf8 */ ;
/*!50003 SET character_set_results = utf8 */ ;
/*!50003 SET collation_connection  = utf8_general_ci */ ;
/*!50003 SET @saved_sql_mode       = @@sql_mode */ ;
/*!50003 SET sql_mode              = '' */ ;
DELIMITER ;;
/*!50003 CREATE*/ /*!50017 DEFINER=`root`@`localhost`*/ /*!50003 TRIGGER `dbs_hitop`.`purchase_return_detail_BEFORE_UPDATE` BEFORE UPDATE ON `purchase_return_detail` 
FOR EACH ROW
BEGIN
	IF (OLD.`product_id` <> NEW.`product_id`) THEN
		CALL process_compute_inventory_for_detail(OLD.`product_id`,OLD.`quantity`,OLD.`headid`,'PURCHASE RETURN DETAIL');
        CALL process_compute_inventory_for_detail(NEW.`product_id`,(-1 * NEW.`quantity`),NEW.`headid`,'PURCHASE RETURN DETAIL');
	ELSEIF (OLD.`quantity` <> NEW.`quantity`) THEN
		SET @qty := (NEW.`quantity` - OLD.`quantity`) * -1;
		CALL process_compute_inventory_for_detail(NEW.`product_id`,@qty,NEW.`headid`,'PURCHASE RETURN DETAIL');
    END IF;
END */;;
DELIMITER ;
/*!50003 SET sql_mode              = @saved_sql_mode */ ;
/*!50003 SET character_set_client  = @saved_cs_client */ ;
/*!50003 SET character_set_results = @saved_cs_results */ ;
/*!50003 SET collation_connection  = @saved_col_connection */ ;
/*!50003 SET @saved_cs_client      = @@character_set_client */ ;
/*!50003 SET @saved_cs_results     = @@character_set_results */ ;
/*!50003 SET @saved_col_connection = @@collation_connection */ ;
/*!50003 SET character_set_client  = utf8 */ ;
/*!50003 SET character_set_results = utf8 */ ;
/*!50003 SET collation_connection  = utf8_general_ci */ ;
/*!50003 SET @saved_sql_mode       = @@sql_mode */ ;
/*!50003 SET sql_mode              = '' */ ;
DELIMITER ;;
/*!50003 CREATE*/ /*!50017 DEFINER=`root`@`localhost`*/ /*!50003 TRIGGER `dbs_hitop`.`purchase_return_detail_BEFORE_DELETE` BEFORE DELETE ON `purchase_return_detail` 
FOR EACH ROW
BEGIN
	CALL process_compute_inventory_for_detail(OLD.`product_id`,OLD.`quantity`,OLD.`headid`,'PURCHASE RETURN DETAIL');
END */;;
DELIMITER ;
/*!50003 SET sql_mode              = @saved_sql_mode */ ;
/*!50003 SET character_set_client  = @saved_cs_client */ ;
/*!50003 SET character_set_results = @saved_cs_results */ ;
/*!50003 SET collation_connection  = @saved_col_connection */ ;

--
-- Table structure for table `purchase_return_head`
--

DROP TABLE IF EXISTS `purchase_return_head`;
/*!40101 SET @saved_cs_client     = @@character_set_client */;
/*!40101 SET character_set_client = utf8 */;
CREATE TABLE `purchase_return_head` (
  `id` bigint(20) NOT NULL AUTO_INCREMENT,
  `reference_number` int(11) DEFAULT '0',
  `branch_id` bigint(20) DEFAULT '0',
  `entry_date` datetime DEFAULT NULL,
  `supplier` varchar(100) DEFAULT '',
  `memo` varchar(150) DEFAULT '',
  `is_show` int(1) DEFAULT '1',
  `is_used` int(1) DEFAULT '0',
  `created_by` bigint(20) DEFAULT '0',
  `last_modified_by` bigint(20) DEFAULT '0',
  `date_created` datetime DEFAULT '0000-00-00 00:00:00',
  `last_modified_date` datetime DEFAULT '0000-00-00 00:00:00',
  PRIMARY KEY (`id`)
) ENGINE=InnoDB AUTO_INCREMENT=4 DEFAULT CHARSET=latin1;
/*!40101 SET character_set_client = @saved_cs_client */;

--
-- Dumping data for table `purchase_return_head`
--

LOCK TABLES `purchase_return_head` WRITE;
/*!40000 ALTER TABLE `purchase_return_head` DISABLE KEYS */;
INSERT INTO `purchase_return_head` VALUES (1,100001,1,'2015-06-28 02:56:09','LAWRENCE','SAMPLE',1,1,1,1,'2015-06-28 14:48:23','2015-06-28 02:56:09'),(2,100002,1,'2015-07-01 06:53:57','','',1,0,1,1,'2015-07-01 02:53:57','0000-00-00 00:00:00'),(3,100003,2,'2015-07-06 06:55:07','','',1,1,5,5,'2015-07-06 02:54:59','2015-07-06 06:55:07');
/*!40000 ALTER TABLE `purchase_return_head` ENABLE KEYS */;
UNLOCK TABLES;
/*!50003 SET @saved_cs_client      = @@character_set_client */ ;
/*!50003 SET @saved_cs_results     = @@character_set_results */ ;
/*!50003 SET @saved_col_connection = @@collation_connection */ ;
/*!50003 SET character_set_client  = utf8 */ ;
/*!50003 SET character_set_results = utf8 */ ;
/*!50003 SET collation_connection  = utf8_general_ci */ ;
/*!50003 SET @saved_sql_mode       = @@sql_mode */ ;
/*!50003 SET sql_mode              = '' */ ;
DELIMITER ;;
/*!50003 CREATE*/ /*!50017 DEFINER=`root`@`localhost`*/ /*!50003 TRIGGER `dbs_hitop`.`purchase_return_head_BEFORE_UPDATE` BEFORE UPDATE ON `purchase_return_head` 
FOR EACH ROW
BEGIN
	IF(NEW.`is_show` <> 1) THEN
		CALL process_compute_inventory_for_head('PURCHASE RETURN HEAD',NEW.`id`);
    END IF;
END */;;
DELIMITER ;
/*!50003 SET sql_mode              = @saved_sql_mode */ ;
/*!50003 SET character_set_client  = @saved_cs_client */ ;
/*!50003 SET character_set_results = @saved_cs_results */ ;
/*!50003 SET collation_connection  = @saved_col_connection */ ;

--
-- Table structure for table `release_detail`
--

DROP TABLE IF EXISTS `release_detail`;
/*!40101 SET @saved_cs_client     = @@character_set_client */;
/*!40101 SET character_set_client = utf8 */;
CREATE TABLE `release_detail` (
  `id` bigint(20) NOT NULL AUTO_INCREMENT,
  `headid` bigint(20) DEFAULT '0',
  `quantity` int(9) DEFAULT '0',
  `product_id` bigint(20) DEFAULT '0',
  `description` varchar(45) DEFAULT '',
  `memo` varchar(150) DEFAULT '',
  `qty_released` varchar(10) DEFAULT '0',
  PRIMARY KEY (`id`)
) ENGINE=InnoDB DEFAULT CHARSET=latin1;
/*!40101 SET character_set_client = @saved_cs_client */;

--
-- Dumping data for table `release_detail`
--

LOCK TABLES `release_detail` WRITE;
/*!40000 ALTER TABLE `release_detail` DISABLE KEYS */;
/*!40000 ALTER TABLE `release_detail` ENABLE KEYS */;
UNLOCK TABLES;
/*!50003 SET @saved_cs_client      = @@character_set_client */ ;
/*!50003 SET @saved_cs_results     = @@character_set_results */ ;
/*!50003 SET @saved_col_connection = @@collation_connection */ ;
/*!50003 SET character_set_client  = utf8 */ ;
/*!50003 SET character_set_results = utf8 */ ;
/*!50003 SET collation_connection  = utf8_general_ci */ ;
/*!50003 SET @saved_sql_mode       = @@sql_mode */ ;
/*!50003 SET sql_mode              = '' */ ;
DELIMITER ;;
/*!50003 CREATE*/ /*!50017 DEFINER=`root`@`localhost`*/ /*!50003 TRIGGER `dbs_hitop`.`release_detail_AFTER_UPDATE` AFTER UPDATE ON `release_detail` 
FOR EACH ROW
BEGIN
	IF (OLD.`qty_released` <> NEW.`qty_released`) THEN
		SET @qty := -1 * (NEW.`qty_released` - OLD.`qty_released`);
		CALL process_compute_inventory_for_detail(NEW.`product_id`,@qty,NEW.`headid`,'RELEASE DETAIL');
    END IF;
END */;;
DELIMITER ;
/*!50003 SET sql_mode              = @saved_sql_mode */ ;
/*!50003 SET character_set_client  = @saved_cs_client */ ;
/*!50003 SET character_set_results = @saved_cs_results */ ;
/*!50003 SET collation_connection  = @saved_col_connection */ ;

--
-- Table structure for table `release_head`
--

DROP TABLE IF EXISTS `release_head`;
/*!40101 SET @saved_cs_client     = @@character_set_client */;
/*!40101 SET character_set_client = utf8 */;
CREATE TABLE `release_head` (
  `id` bigint(20) NOT NULL AUTO_INCREMENT,
  `reference_number` int(11) DEFAULT '0',
  `branch_id` bigint(20) DEFAULT '0',
  `entry_date` datetime DEFAULT NULL,
  `customer` varchar(100) DEFAULT '',
  `memo` varchar(150) DEFAULT '',
  `is_show` int(1) DEFAULT '1',
  `is_used` int(1) DEFAULT '0',
  `created_by` bigint(20) DEFAULT '0',
  `last_modified_by` bigint(20) DEFAULT '0',
  `date_created` datetime DEFAULT '0000-00-00 00:00:00',
  `last_modified_date` datetime DEFAULT '0000-00-00 00:00:00',
  PRIMARY KEY (`id`)
) ENGINE=InnoDB DEFAULT CHARSET=latin1;
/*!40101 SET character_set_client = @saved_cs_client */;

--
-- Dumping data for table `release_head`
--

LOCK TABLES `release_head` WRITE;
/*!40000 ALTER TABLE `release_head` DISABLE KEYS */;
/*!40000 ALTER TABLE `release_head` ENABLE KEYS */;
UNLOCK TABLES;
/*!50003 SET @saved_cs_client      = @@character_set_client */ ;
/*!50003 SET @saved_cs_results     = @@character_set_results */ ;
/*!50003 SET @saved_col_connection = @@collation_connection */ ;
/*!50003 SET character_set_client  = utf8 */ ;
/*!50003 SET character_set_results = utf8 */ ;
/*!50003 SET collation_connection  = utf8_general_ci */ ;
/*!50003 SET @saved_sql_mode       = @@sql_mode */ ;
/*!50003 SET sql_mode              = '' */ ;
DELIMITER ;;
/*!50003 CREATE*/ /*!50017 DEFINER=`root`@`localhost`*/ /*!50003 TRIGGER `dbs_hitop`.`release_head_BEFORE_UPDATE` BEFORE UPDATE ON `release_head` 
FOR EACH ROW
BEGIN
	IF(NEW.`is_show` <> 1) THEN
		CALL process_compute_inventory_for_head('RELEASE HEAD',NEW.`id`);
    END IF;
END */;;
DELIMITER ;
/*!50003 SET sql_mode              = @saved_sql_mode */ ;
/*!50003 SET character_set_client  = @saved_cs_client */ ;
/*!50003 SET character_set_results = @saved_cs_results */ ;
/*!50003 SET collation_connection  = @saved_col_connection */ ;

--
-- Table structure for table `return_detail`
--

DROP TABLE IF EXISTS `return_detail`;
/*!40101 SET @saved_cs_client     = @@character_set_client */;
/*!40101 SET character_set_client = utf8 */;
CREATE TABLE `return_detail` (
  `id` bigint(20) NOT NULL AUTO_INCREMENT,
  `headid` bigint(20) DEFAULT '0',
  `quantity` int(9) DEFAULT '0',
  `product_id` bigint(20) DEFAULT '0',
  `description` varchar(45) DEFAULT '',
  `memo` varchar(150) DEFAULT '',
  PRIMARY KEY (`id`)
) ENGINE=InnoDB DEFAULT CHARSET=latin1;
/*!40101 SET character_set_client = @saved_cs_client */;

--
-- Dumping data for table `return_detail`
--

LOCK TABLES `return_detail` WRITE;
/*!40000 ALTER TABLE `return_detail` DISABLE KEYS */;
/*!40000 ALTER TABLE `return_detail` ENABLE KEYS */;
UNLOCK TABLES;
/*!50003 SET @saved_cs_client      = @@character_set_client */ ;
/*!50003 SET @saved_cs_results     = @@character_set_results */ ;
/*!50003 SET @saved_col_connection = @@collation_connection */ ;
/*!50003 SET character_set_client  = utf8 */ ;
/*!50003 SET character_set_results = utf8 */ ;
/*!50003 SET collation_connection  = utf8_general_ci */ ;
/*!50003 SET @saved_sql_mode       = @@sql_mode */ ;
/*!50003 SET sql_mode              = '' */ ;
DELIMITER ;;
/*!50003 CREATE*/ /*!50017 DEFINER=`root`@`localhost`*/ /*!50003 TRIGGER `dbs_hitop`.`return_detail_BEFORE_INSERT` BEFORE INSERT ON `return_detail` 
FOR EACH ROW
BEGIN
	CALL process_compute_inventory_for_detail(NEW.`product_id`,NEW.`quantity`,NEW.`headid`,'CUSTOMER RETURN DETAIL');
END */;;
DELIMITER ;
/*!50003 SET sql_mode              = @saved_sql_mode */ ;
/*!50003 SET character_set_client  = @saved_cs_client */ ;
/*!50003 SET character_set_results = @saved_cs_results */ ;
/*!50003 SET collation_connection  = @saved_col_connection */ ;
/*!50003 SET @saved_cs_client      = @@character_set_client */ ;
/*!50003 SET @saved_cs_results     = @@character_set_results */ ;
/*!50003 SET @saved_col_connection = @@collation_connection */ ;
/*!50003 SET character_set_client  = utf8 */ ;
/*!50003 SET character_set_results = utf8 */ ;
/*!50003 SET collation_connection  = utf8_general_ci */ ;
/*!50003 SET @saved_sql_mode       = @@sql_mode */ ;
/*!50003 SET sql_mode              = '' */ ;
DELIMITER ;;
/*!50003 CREATE*/ /*!50017 DEFINER=`root`@`localhost`*/ /*!50003 TRIGGER `dbs_hitop`.`return_detail_BEFORE_UPDATE` BEFORE UPDATE ON `return_detail` 
FOR EACH ROW
BEGIN
	IF (OLD.`product_id` <> NEW.`product_id`) THEN
		CALL process_compute_inventory_for_detail(OLD.`product_id`,(-1 * OLD.`quantity`),OLD.`headid`,'CUSTOMER RETURN DETAIL');
        CALL process_compute_inventory_for_detail(NEW.`product_id`,NEW.`quantity`,NEW.`headid`,'CUSTOMER RETURN DETAIL');
	ELSEIF (OLD.`quantity` <> NEW.`quantity`) THEN
		SET @qty := NEW.`quantity` - OLD.`quantity`;
		CALL process_compute_inventory_for_detail(NEW.`product_id`,@qty,NEW.`headid`,'CUSTOMER RETURN DETAIL');
    END IF;
END */;;
DELIMITER ;
/*!50003 SET sql_mode              = @saved_sql_mode */ ;
/*!50003 SET character_set_client  = @saved_cs_client */ ;
/*!50003 SET character_set_results = @saved_cs_results */ ;
/*!50003 SET collation_connection  = @saved_col_connection */ ;
/*!50003 SET @saved_cs_client      = @@character_set_client */ ;
/*!50003 SET @saved_cs_results     = @@character_set_results */ ;
/*!50003 SET @saved_col_connection = @@collation_connection */ ;
/*!50003 SET character_set_client  = utf8 */ ;
/*!50003 SET character_set_results = utf8 */ ;
/*!50003 SET collation_connection  = utf8_general_ci */ ;
/*!50003 SET @saved_sql_mode       = @@sql_mode */ ;
/*!50003 SET sql_mode              = '' */ ;
DELIMITER ;;
/*!50003 CREATE*/ /*!50017 DEFINER=`root`@`localhost`*/ /*!50003 TRIGGER `dbs_hitop`.`return_detail_BEFORE_DELETE` BEFORE DELETE ON `return_detail` 
FOR EACH ROW
BEGIN
	CALL process_compute_inventory_for_detail(OLD.`product_id`,(-1 * OLD.`quantity`),OLD.`headid`,'RETURN DETAIL');
END */;;
DELIMITER ;
/*!50003 SET sql_mode              = @saved_sql_mode */ ;
/*!50003 SET character_set_client  = @saved_cs_client */ ;
/*!50003 SET character_set_results = @saved_cs_results */ ;
/*!50003 SET collation_connection  = @saved_col_connection */ ;

--
-- Table structure for table `return_head`
--

DROP TABLE IF EXISTS `return_head`;
/*!40101 SET @saved_cs_client     = @@character_set_client */;
/*!40101 SET character_set_client = utf8 */;
CREATE TABLE `return_head` (
  `id` bigint(20) NOT NULL AUTO_INCREMENT,
  `reference_number` int(11) DEFAULT '0',
  `branch_id` bigint(20) DEFAULT '0',
  `entry_date` datetime DEFAULT NULL,
  `customer` varchar(100) DEFAULT '',
  `received_by` varchar(45) DEFAULT '',
  `memo` varchar(150) DEFAULT '',
  `is_show` int(1) DEFAULT '1',
  `is_used` int(1) DEFAULT '0',
  `created_by` bigint(20) DEFAULT '0',
  `last_modified_by` bigint(20) DEFAULT '0',
  `date_created` datetime DEFAULT '0000-00-00 00:00:00',
  `last_modified_date` datetime DEFAULT '0000-00-00 00:00:00',
  PRIMARY KEY (`id`)
) ENGINE=InnoDB DEFAULT CHARSET=latin1;
/*!40101 SET character_set_client = @saved_cs_client */;

--
-- Dumping data for table `return_head`
--

LOCK TABLES `return_head` WRITE;
/*!40000 ALTER TABLE `return_head` DISABLE KEYS */;
/*!40000 ALTER TABLE `return_head` ENABLE KEYS */;
UNLOCK TABLES;
/*!50003 SET @saved_cs_client      = @@character_set_client */ ;
/*!50003 SET @saved_cs_results     = @@character_set_results */ ;
/*!50003 SET @saved_col_connection = @@collation_connection */ ;
/*!50003 SET character_set_client  = utf8 */ ;
/*!50003 SET character_set_results = utf8 */ ;
/*!50003 SET collation_connection  = utf8_general_ci */ ;
/*!50003 SET @saved_sql_mode       = @@sql_mode */ ;
/*!50003 SET sql_mode              = '' */ ;
DELIMITER ;;
/*!50003 CREATE*/ /*!50017 DEFINER=`root`@`localhost`*/ /*!50003 TRIGGER `dbs_hitop`.`return_head_BEFORE_UPDATE` BEFORE UPDATE ON `return_head` 
FOR EACH ROW
BEGIN
	IF(NEW.`is_show` <> 1) THEN
		CALL process_compute_inventory_for_head('CUSTOMER RETURN HEAD',NEW.`id`);
    END IF;
END */;;
DELIMITER ;
/*!50003 SET sql_mode              = @saved_sql_mode */ ;
/*!50003 SET character_set_client  = @saved_cs_client */ ;
/*!50003 SET character_set_results = @saved_cs_results */ ;
/*!50003 SET collation_connection  = @saved_col_connection */ ;

--
-- Table structure for table `stock_delivery_detail`
--

DROP TABLE IF EXISTS `stock_delivery_detail`;
/*!40101 SET @saved_cs_client     = @@character_set_client */;
/*!40101 SET character_set_client = utf8 */;
CREATE TABLE `stock_delivery_detail` (
  `id` bigint(20) NOT NULL AUTO_INCREMENT,
  `headid` bigint(20) DEFAULT '0',
  `quantity` int(9) DEFAULT '0',
  `product_id` bigint(20) DEFAULT '0',
  `description` varchar(200) DEFAULT '',
  `memo` varchar(150) DEFAULT '',
  `is_for_branch` int(1) DEFAULT '0',
  `recv_quantity` int(9) DEFAULT '0',
  `request_detail_id` bigint(20) DEFAULT '0',
  PRIMARY KEY (`id`),
  KEY `idx_headid` (`headid`),
  KEY `idx_id_headid` (`id`,`headid`)
) ENGINE=InnoDB DEFAULT CHARSET=latin1;
/*!40101 SET character_set_client = @saved_cs_client */;

--
-- Dumping data for table `stock_delivery_detail`
--

LOCK TABLES `stock_delivery_detail` WRITE;
/*!40000 ALTER TABLE `stock_delivery_detail` DISABLE KEYS */;
/*!40000 ALTER TABLE `stock_delivery_detail` ENABLE KEYS */;
UNLOCK TABLES;
/*!50003 SET @saved_cs_client      = @@character_set_client */ ;
/*!50003 SET @saved_cs_results     = @@character_set_results */ ;
/*!50003 SET @saved_col_connection = @@collation_connection */ ;
/*!50003 SET character_set_client  = utf8 */ ;
/*!50003 SET character_set_results = utf8 */ ;
/*!50003 SET collation_connection  = utf8_general_ci */ ;
/*!50003 SET @saved_sql_mode       = @@sql_mode */ ;
/*!50003 SET sql_mode              = '' */ ;
DELIMITER ;;
/*!50003 CREATE*/ /*!50017 DEFINER=`root`@`localhost`*/ /*!50003 TRIGGER `dbs_hitop`.`stock_delivery_detail_BEFORE_INSERT` BEFORE INSERT ON `stock_delivery_detail` 
FOR EACH ROW
BEGIN
	IF(NEW.`is_for_branch` = 1) THEN
		CALL process_compute_inventory_for_detail(NEW.`product_id`,(-1 * NEW.`quantity`),NEW.`headid`,'DELIVERY DETAIL');
	END IF;
END */;;
DELIMITER ;
/*!50003 SET sql_mode              = @saved_sql_mode */ ;
/*!50003 SET character_set_client  = @saved_cs_client */ ;
/*!50003 SET character_set_results = @saved_cs_results */ ;
/*!50003 SET collation_connection  = @saved_col_connection */ ;
/*!50003 SET @saved_cs_client      = @@character_set_client */ ;
/*!50003 SET @saved_cs_results     = @@character_set_results */ ;
/*!50003 SET @saved_col_connection = @@collation_connection */ ;
/*!50003 SET character_set_client  = utf8 */ ;
/*!50003 SET character_set_results = utf8 */ ;
/*!50003 SET collation_connection  = utf8_general_ci */ ;
/*!50003 SET @saved_sql_mode       = @@sql_mode */ ;
/*!50003 SET sql_mode              = '' */ ;
DELIMITER ;;
/*!50003 CREATE*/ /*!50017 DEFINER=`root`@`localhost`*/ /*!50003 TRIGGER `dbs_hitop`.`stock_delivery_detail_BEFORE_UPDATE` BEFORE UPDATE ON `stock_delivery_detail` 
FOR EACH ROW
BEGIN
	IF (OLD.`recv_quantity` <> NEW.`recv_quantity`) THEN
		SET @qty := (NEW.`recv_quantity` - OLD.`recv_quantity`);
        IF(NEW.`is_for_branch` = 1) THEN
			SET @table_detail_name := 'TRANSFER DETAIL';
		ELSE
			SET @table_detail_name := 'CUSTOMER DETAIL';
            SET @qty := @qty * -1;
        END IF;
		CALL process_compute_inventory_for_detail(NEW.`product_id`,@qty,NEW.`headid`,@table_detail_name);
    ELSEIF (OLD.`product_id` <> NEW.`product_id`) THEN
		IF(OLD.`is_for_branch` = 1) THEN
			CALL process_compute_inventory_for_detail(OLD.`product_id`,OLD.`quantity`,OLD.`headid`,'DELIVERY DETAIL');
		END IF;
        
        IF(NEW.`is_for_branch` = 1 ) THEN
			CALL process_compute_inventory_for_detail(NEW.`product_id`,(-1 * NEW.`quantity`),NEW.`headid`,'DELIVERY DETAIL');
        END IF;
	ELSEIF (OLD.`quantity` <> NEW.`quantity` AND NEW.`is_for_branch` = 1) THEN
		SET @qty := (NEW.`quantity` - OLD.`quantity`) * -1;
		CALL process_compute_inventory_for_detail(NEW.`product_id`,@qty,NEW.`headid`,'DELIVERY DETAIL');
	ELSEIF(OLD.`is_for_branch` <> NEW.`is_for_branch`) THEN
		IF(OLD.`is_for_branch` = 1) THEN
			CALL process_compute_inventory_for_detail(OLD.`product_id`,OLD.`quantity`,OLD.`headid`,'DELIVERY DETAIL');
        END IF;
        
        IF(NEW.`is_for_branch` = 1) THEN
			CALL process_compute_inventory_for_detail(NEW.`product_id`,(-1 * NEW.`quantity`),NEW.`headid`,'DELIVERY DETAIL');
        END IF;
    END IF;
END */;;
DELIMITER ;
/*!50003 SET sql_mode              = @saved_sql_mode */ ;
/*!50003 SET character_set_client  = @saved_cs_client */ ;
/*!50003 SET character_set_results = @saved_cs_results */ ;
/*!50003 SET collation_connection  = @saved_col_connection */ ;
/*!50003 SET @saved_cs_client      = @@character_set_client */ ;
/*!50003 SET @saved_cs_results     = @@character_set_results */ ;
/*!50003 SET @saved_col_connection = @@collation_connection */ ;
/*!50003 SET character_set_client  = utf8 */ ;
/*!50003 SET character_set_results = utf8 */ ;
/*!50003 SET collation_connection  = utf8_general_ci */ ;
/*!50003 SET @saved_sql_mode       = @@sql_mode */ ;
/*!50003 SET sql_mode              = '' */ ;
DELIMITER ;;
/*!50003 CREATE*/ /*!50017 DEFINER=`root`@`localhost`*/ /*!50003 TRIGGER `dbs_hitop`.`stock_delivery_detail_BEFORE_DELETE` BEFORE DELETE ON `stock_delivery_detail` 
FOR EACH ROW
BEGIN
	IF(OLD.`is_for_branch` = 1) THEN
		CALL process_compute_inventory_for_detail(OLD.`product_id`,OLD.`quantity`,OLD.`headid`,'DELIVERY DETAIL');
    END IF;
END */;;
DELIMITER ;
/*!50003 SET sql_mode              = @saved_sql_mode */ ;
/*!50003 SET character_set_client  = @saved_cs_client */ ;
/*!50003 SET character_set_results = @saved_cs_results */ ;
/*!50003 SET collation_connection  = @saved_col_connection */ ;

--
-- Table structure for table `stock_delivery_head`
--

DROP TABLE IF EXISTS `stock_delivery_head`;
/*!40101 SET @saved_cs_client     = @@character_set_client */;
/*!40101 SET character_set_client = utf8 */;
CREATE TABLE `stock_delivery_head` (
  `id` bigint(20) NOT NULL AUTO_INCREMENT,
  `reference_number` int(11) DEFAULT '0',
  `branch_id` bigint(20) DEFAULT '0',
  `to_branchid` bigint(20) DEFAULT '0',
  `entry_date` datetime DEFAULT NULL,
  `delivery_receive_date` datetime DEFAULT '0000-00-00 00:00:00',
  `customer_receive_date` datetime DEFAULT '0000-00-00 00:00:00',
  `supplier` varchar(100) DEFAULT '',
  `memo` varchar(150) DEFAULT '',
  `is_show` int(1) DEFAULT '1',
  `is_used` int(1) DEFAULT '0',
  `delivery_type` int(1) DEFAULT '0',
  `created_by` bigint(20) DEFAULT '0',
  `last_modified_by` bigint(20) DEFAULT '0',
  `date_created` datetime DEFAULT '0000-00-00 00:00:00',
  `last_modified_date` datetime DEFAULT '0000-00-00 00:00:00',
  PRIMARY KEY (`id`)
) ENGINE=InnoDB DEFAULT CHARSET=latin1;
/*!40101 SET character_set_client = @saved_cs_client */;

--
-- Dumping data for table `stock_delivery_head`
--

LOCK TABLES `stock_delivery_head` WRITE;
/*!40000 ALTER TABLE `stock_delivery_head` DISABLE KEYS */;
/*!40000 ALTER TABLE `stock_delivery_head` ENABLE KEYS */;
UNLOCK TABLES;
/*!50003 SET @saved_cs_client      = @@character_set_client */ ;
/*!50003 SET @saved_cs_results     = @@character_set_results */ ;
/*!50003 SET @saved_col_connection = @@collation_connection */ ;
/*!50003 SET character_set_client  = utf8 */ ;
/*!50003 SET character_set_results = utf8 */ ;
/*!50003 SET collation_connection  = utf8_general_ci */ ;
/*!50003 SET @saved_sql_mode       = @@sql_mode */ ;
/*!50003 SET sql_mode              = '' */ ;
DELIMITER ;;
/*!50003 CREATE*/ /*!50017 DEFINER=`root`@`localhost`*/ /*!50003 TRIGGER `dbs_hitop`.`stock_delivery_head_BEFORE_UPDATE` BEFORE UPDATE ON `stock_delivery_head` 
FOR EACH ROW
BEGIN
	IF(NEW.`is_show` <> 1) THEN
		CALL process_compute_inventory_for_head('DELIVERY HEAD',NEW.`id`);
    END IF;
END */;;
DELIMITER ;
/*!50003 SET sql_mode              = @saved_sql_mode */ ;
/*!50003 SET character_set_client  = @saved_cs_client */ ;
/*!50003 SET character_set_results = @saved_cs_results */ ;
/*!50003 SET collation_connection  = @saved_col_connection */ ;

--
-- Table structure for table `subgroup`
--

DROP TABLE IF EXISTS `subgroup`;
/*!40101 SET @saved_cs_client     = @@character_set_client */;
/*!40101 SET character_set_client = utf8 */;
CREATE TABLE `subgroup` (
  `id` bigint(20) NOT NULL AUTO_INCREMENT,
  `code` varchar(10) DEFAULT '',
  `name` varchar(45) DEFAULT '',
  `is_show` int(1) DEFAULT '1',
  `date_created` datetime DEFAULT '0000-00-00 00:00:00',
  `last_modified_date` datetime DEFAULT '0000-00-00 00:00:00',
  `created_by` bigint(20) DEFAULT '0',
  `last_modified_by` bigint(20) DEFAULT '0',
  PRIMARY KEY (`id`)
) ENGINE=InnoDB AUTO_INCREMENT=21 DEFAULT CHARSET=latin1;
/*!40101 SET character_set_client = @saved_cs_client */;

--
-- Dumping data for table `subgroup`
--

LOCK TABLES `subgroup` WRITE;
/*!40000 ALTER TABLE `subgroup` DISABLE KEYS */;
INSERT INTO `subgroup` VALUES (1,'A','ANGEL BEAR',1,'2015-05-20 00:00:00','2015-06-30 02:47:44',1,1),(2,'C','COIL',1,'2015-05-20 00:00:00','2015-05-20 00:00:00',1,1),(3,'E','EMBROSSED / CHECKERED PLATE',1,'2015-05-20 00:00:00','2015-05-20 00:00:00',1,1),(4,'F','FLAT BAR',1,'2015-05-20 00:00:00','2015-05-20 00:00:00',1,1),(5,'H','HEXAGON BAR',1,'2015-05-26 12:18:49','2015-05-26 12:18:49',1,1),(6,'J','ROUND TUBE',1,'2015-05-26 12:19:00','2015-05-26 12:19:00',1,1),(7,'K','SQUARE TUBE',1,'2015-05-26 12:19:12','2015-05-26 12:19:12',1,1),(8,'L','RECTANGULAR TUBE',1,'2015-05-26 12:19:26','2015-05-26 12:19:26',1,1),(9,'M','MESH - IMPORTED',1,'2015-05-26 12:19:38','2015-05-26 12:19:38',1,1),(10,'N','PIPE',1,'2015-05-26 12:19:48','2015-05-26 12:19:48',1,1),(11,'P','PERFORATED SHEET',1,'2015-05-26 12:20:07','2015-05-26 12:20:07',1,1),(12,'Q','SQUARE BAR',1,'2015-05-26 12:20:26','2015-05-26 12:20:26',1,1),(13,'R','ROUND BAR',1,'2015-05-26 12:20:41','2015-05-26 12:20:41',1,1),(14,'S','SHEETS AND PLATES - PLAIN',1,'2015-05-26 12:20:54','2015-05-26 12:20:54',1,1),(15,'U','WIRE',1,'2015-05-26 12:21:04','2015-05-26 12:21:04',1,1),(16,'V','WIELDING ROD / ELECTRODE',1,'2015-05-26 12:21:27','2015-05-26 12:21:27',1,1),(17,'W','WEDLED WIRE SCREEN - IMPORTED',1,'2015-05-26 12:21:47','2015-05-26 12:21:47',1,1),(18,'X','EXPANDED METAL',1,'2015-05-26 12:22:21','2015-05-26 12:22:21',1,1),(19,'Z','ZINGA',0,'2015-06-30 02:54:54','2015-06-30 02:56:08',1,1),(20,'Z','ZINGA',1,'2015-06-30 02:56:17','2015-06-30 02:56:17',1,1);
/*!40000 ALTER TABLE `subgroup` ENABLE KEYS */;
UNLOCK TABLES;

--
-- Table structure for table `user`
--

DROP TABLE IF EXISTS `user`;
/*!40101 SET @saved_cs_client     = @@character_set_client */;
/*!40101 SET character_set_client = utf8 */;
CREATE TABLE `user` (
  `id` bigint(20) NOT NULL AUTO_INCREMENT,
  `code` varchar(30) DEFAULT '',
  `full_name` varchar(50) DEFAULT '',
  `username` varchar(30) NOT NULL,
  `password` varchar(255) NOT NULL,
  `contact_number` varchar(45) DEFAULT '',
  `is_show` int(1) DEFAULT '1',
  `is_active` int(1) DEFAULT '1',
  `is_first_login` int(1) DEFAULT '0',
  `date_created` datetime DEFAULT '0000-00-00 00:00:00',
  `last_modified_date` datetime DEFAULT '0000-00-00 00:00:00',
  `created_by` bigint(20) DEFAULT '1',
  `last_modified_by` bigint(20) DEFAULT '1',
  PRIMARY KEY (`id`),
  UNIQUE KEY `id_UNIQUE` (`id`)
) ENGINE=InnoDB AUTO_INCREMENT=7 DEFAULT CHARSET=utf8;
/*!40101 SET character_set_client = @saved_cs_client */;

--
-- Dumping data for table `user`
--

LOCK TABLES `user` WRITE;
/*!40000 ALTER TABLE `user` DISABLE KEYS */;
INSERT INTO `user` VALUES (1,'01','Lawrence Pena','superadmin','83703b5229462cb6bfaf425152e46a8c','09263188835',1,1,1,'2015-05-19 00:00:00','2015-05-19 00:00:00',1,1),(3,'02','Gian Egamino','gegamino','f3e97dcba0a308db57b1aeaee5a43d4c','09263188835',1,0,0,'2015-05-22 04:56:20','2015-05-26 03:47:06',1,1),(5,'04','Kryzza Garra','kryzza','f3e97dcba0a308db57b1aeaee5a43d4c','09263188835',1,1,1,'2015-05-23 06:31:47','2015-07-06 07:53:18',1,1),(6,'05','Enerick Pangilinan','enerick','f3e97dcba0a308db57b1aeaee5a43d4c','12345678',1,1,1,'2015-06-30 03:52:24','2015-07-03 04:16:32',1,6);
/*!40000 ALTER TABLE `user` ENABLE KEYS */;
UNLOCK TABLES;

--
-- Table structure for table `user_permission`
--

DROP TABLE IF EXISTS `user_permission`;
/*!40101 SET @saved_cs_client     = @@character_set_client */;
/*!40101 SET character_set_client = utf8 */;
CREATE TABLE `user_permission` (
  `id` bigint(20) NOT NULL AUTO_INCREMENT,
  `branch_id` bigint(20) DEFAULT '0',
  `user_id` bigint(20) DEFAULT '0',
  `permission_code` int(5) DEFAULT '0',
  PRIMARY KEY (`id`)
) ENGINE=InnoDB AUTO_INCREMENT=2216 DEFAULT CHARSET=latin1;
/*!40101 SET character_set_client = @saved_cs_client */;

--
-- Dumping data for table `user_permission`
--

LOCK TABLES `user_permission` WRITE;
/*!40000 ALTER TABLE `user_permission` DISABLE KEYS */;
INSERT INTO `user_permission` VALUES (1,1,1,100),(21,1,3,100),(22,2,3,100),(137,1,6,102),(138,1,6,103),(139,1,6,104),(140,1,6,106),(141,1,6,107),(142,1,6,108),(143,1,6,110),(144,1,6,111),(145,1,6,112),(146,1,6,113),(147,1,6,114),(148,1,6,115),(149,1,6,116),(150,1,6,117),(151,1,6,118),(152,1,6,119),(153,1,6,120),(154,1,6,121),(155,2,6,102),(156,2,6,103),(157,2,6,104),(158,2,6,106),(159,2,6,107),(160,2,6,108),(161,2,6,110),(162,2,6,111),(163,2,6,112),(164,2,6,113),(165,2,6,114),(166,2,6,115),(167,2,6,116),(168,2,6,117),(169,2,6,118),(170,2,6,119),(171,2,6,120),(172,2,6,121),(173,3,6,102),(174,3,6,103),(175,3,6,104),(176,3,6,106),(177,3,6,107),(178,3,6,108),(179,3,6,110),(180,3,6,111),(181,3,6,112),(182,3,6,113),(183,3,6,114),(184,3,6,115),(185,3,6,116),(186,3,6,117),(187,3,6,118),(188,3,6,119),(189,3,6,120),(190,3,6,121),(191,4,6,102),(192,4,6,103),(193,4,6,104),(194,4,6,106),(195,4,6,107),(196,4,6,108),(197,4,6,110),(198,4,6,111),(199,4,6,112),(200,4,6,113),(201,4,6,114),(202,4,6,115),(203,4,6,116),(204,4,6,117),(205,4,6,118),(206,4,6,119),(207,4,6,120),(208,4,6,121),(209,6,6,102),(210,6,6,103),(211,6,6,104),(212,6,6,106),(213,6,6,107),(214,6,6,108),(215,6,6,110),(216,6,6,111),(217,6,6,112),(218,6,6,113),(219,6,6,114),(220,6,6,115),(221,6,6,116),(222,6,6,117),(223,6,6,118),(224,6,6,119),(225,6,6,120),(226,6,6,121),(2177,2,5,101),(2178,2,5,105),(2179,2,5,109),(2180,2,5,113),(2181,2,5,118),(2182,2,5,131),(2183,2,5,132),(2184,2,5,133),(2185,2,5,135),(2186,2,5,136),(2187,2,5,137),(2188,2,5,138),(2189,2,5,141),(2190,2,5,142),(2191,2,5,143),(2192,2,5,145),(2193,2,5,156),(2194,2,5,157),(2195,2,5,158),(2196,2,5,159),(2197,2,5,160),(2198,2,5,161),(2199,2,5,162),(2200,2,5,171),(2201,2,5,172),(2202,2,5,173),(2203,2,5,176),(2204,2,5,177),(2205,2,5,178),(2206,2,5,179),(2207,2,5,180),(2208,2,5,181),(2209,2,5,191),(2210,2,5,192),(2211,2,5,193),(2212,2,5,196),(2213,2,5,199),(2214,2,5,200),(2215,2,5,201);
/*!40000 ALTER TABLE `user_permission` ENABLE KEYS */;
UNLOCK TABLES;

--
-- Dumping events for database 'dbs_hitop'
--

--
-- Dumping routines for database 'dbs_hitop'
--
/*!50003 DROP PROCEDURE IF EXISTS `process_compute_inventory_for_detail` */;
/*!50003 SET @saved_cs_client      = @@character_set_client */ ;
/*!50003 SET @saved_cs_results     = @@character_set_results */ ;
/*!50003 SET @saved_col_connection = @@collation_connection */ ;
/*!50003 SET character_set_client  = utf8 */ ;
/*!50003 SET character_set_results = utf8 */ ;
/*!50003 SET collation_connection  = utf8_general_ci */ ;
/*!50003 SET @saved_sql_mode       = @@sql_mode */ ;
/*!50003 SET sql_mode              = '' */ ;
DELIMITER ;;
CREATE DEFINER=`root`@`localhost` PROCEDURE `process_compute_inventory_for_detail`(
	IN `product_id_d` BIGINT,
    IN `qty_d` INT(7),
    IN `head_id_d` BIGINT,
    IN `table_name_d` VARCHAR(50)
)
BEGIN
	SET @branch_id := 0;
    
	CASE 
		WHEN table_name_d = 'CUSTOMER RETURN DETAIL' THEN
			SELECT `branch_id` INTO @branch_id FROM return_head WHERE `id` = head_id_d;
		WHEN table_name_d = 'DAMAGE DETAIL' THEN
			SELECT `branch_id` INTO @branch_id FROM damage_head WHERE `id` = head_id_d;
		WHEN table_name_d = 'RECEIVE DETAIL' THEN
			SELECT `branch_id` INTO @branch_id FROM purchase_receive_head WHERE `id` = head_id_d;
		WHEN table_name_d = 'PURCHASE RETURN DETAIL' THEN
			SELECT `branch_id` INTO @branch_id FROM purchase_return_head WHERE `id` = head_id_d;
		WHEN table_name_d = 'CUSTOMER DETAIL' THEN
			SELECT `branch_id` INTO @branch_id FROM stock_delivery_head WHERE `id` = head_id_d;
		WHEN table_name_d = 'RELEASE DETAIL' THEN
			SELECT `branch_id` INTO @branch_id FROM release_head WHERE `id` = head_id_d;
        WHEN table_name_d = 'INVENTORY ADJUST' THEN
			SELECT `branch_id` INTO @branch_id FROM inventory_adjust WHERE `id` = head_id_d;
		WHEN table_name_d = 'DELIVERY DETAIL' THEN
			SELECT `branch_id` INTO @branch_id FROM stock_delivery_head WHERE `id` = head_id_d;
		WHEN table_name_d = 'TRANSFER DETAIL' THEN
			SELECT `to_branchid` INTO @branch_id FROM stock_delivery_head WHERE `id` = head_id_d;
	END CASE;
    
    UPDATE product_branch_inventory
		SET `inventory` = `inventory` + qty_d
        WHERE `branch_id` = @branch_id AND `product_id` = product_id_d;
END ;;
DELIMITER ;
/*!50003 SET sql_mode              = @saved_sql_mode */ ;
/*!50003 SET character_set_client  = @saved_cs_client */ ;
/*!50003 SET character_set_results = @saved_cs_results */ ;
/*!50003 SET collation_connection  = @saved_col_connection */ ;
/*!50003 DROP PROCEDURE IF EXISTS `process_compute_inventory_for_head` */;
/*!50003 SET @saved_cs_client      = @@character_set_client */ ;
/*!50003 SET @saved_cs_results     = @@character_set_results */ ;
/*!50003 SET @saved_col_connection = @@collation_connection */ ;
/*!50003 SET character_set_client  = utf8 */ ;
/*!50003 SET character_set_results = utf8 */ ;
/*!50003 SET collation_connection  = utf8_general_ci */ ;
/*!50003 SET @saved_sql_mode       = @@sql_mode */ ;
/*!50003 SET sql_mode              = '' */ ;
DELIMITER ;;
CREATE DEFINER=`root`@`localhost` PROCEDURE `process_compute_inventory_for_head`(
	IN `table_name_d` VARCHAR(50),
    IN `head_id_d` BIGINT
)
BEGIN
	DECLARE cursor_product_id BIGINT;
	DECLARE cursor_quantity INT;
    DECLARE cursor_other_id BIGINT;
	DECLARE done INT DEFAULT FALSE;
    
    DECLARE cursor_return CURSOR FOR SELECT `product_id`, `quantity` FROM return_detail WHERE `headid` = head_id_d;
    DECLARE cursor_damage CURSOR FOR SELECT `product_id`, `quantity` FROM damage_detail WHERE `headid` = head_id_d;
    DECLARE cursor_release CURSOR FOR SELECT `product_id`, `quantity` FROM release_detail WHERE `headid` = head_id_d;
    DECLARE cursor_purchase_return CURSOR FOR SELECT `product_id`, `quantity` FROM purchase_return_detail WHERE `headid` = head_id_d;
    DECLARE cursor_received CURSOR FOR SELECT `product_id`, `quantity`, `purchase_detail_id` FROM purchase_receive_detail WHERE `headid` = head_id_d;
    DECLARE cursor_delivery CURSOR FOR SELECT `product_id`, `quantity` FROM stock_delivery_detail WHERE `headid` = head_id_d AND `is_for_branch` = 1; 
    
	DECLARE CONTINUE HANDLER FOR NOT FOUND SET done = TRUE;		
	
    
    IF (table_name_d = 'CUSTOMER RETURN HEAD') THEN
		OPEN cursor_return;
	ELSEIF (table_name_d = 'DAMAGE HEAD') THEN
		OPEN cursor_damage;
	ELSEIF (table_name_d = 'RELEASE HEAD') THEN
		OPEN cursor_release;
	ELSEIF (table_name_d = 'RECEIVE HEAD') THEN
		OPEN cursor_received;
	ELSEIF (table_name_d = 'PURCHASE RETURN HEAD') THEN
		OPEN cursor_purchase_return;
	ELSEIF (table_name_d = 'DELIVERY HEAD') THEN
		OPEN cursor_delivery;
	END IF;
        
	read_loop: LOOP
		IF (table_name_d = 'CUSTOMER RETURN HEAD') THEN
			FETCH cursor_return INTO cursor_product_id, cursor_quantity;
		ELSEIF (table_name_d = 'DAMAGE HEAD') THEN
			FETCH cursor_damage INTO cursor_product_id, cursor_quantity;
		ELSEIF (table_name_d = 'RELEASE HEAD') THEN
			FETCH cursor_release INTO cursor_product_id, cursor_quantity;
        ELSEIF (table_name_d = 'RECEIVE HEAD') THEN
			FETCH cursor_received INTO cursor_product_id, cursor_quantity, cursor_other_id;
		ELSEIF (table_name_d = 'PURCHASE RETURN HEAD') THEN
			FETCH cursor_purchase_return INTO cursor_product_id, cursor_quantity;
		ELSEIF (table_name_d = 'DELIVERY HEAD') THEN
			FETCH cursor_delivery INTO cursor_product_id, cursor_quantity;
		END IF;
        
		IF done THEN
			LEAVE read_loop;
		END IF;
        
			IF (table_name_d = 'CUSTOMER RETURN HEAD') THEN
				CALL process_compute_inventory_for_detail(cursor_product_id,(-1 * cursor_quantity),head_id_d,'CUSTOMER RETURN DETAIL');
			ELSEIF (table_name_d = 'DAMAGE HEAD') THEN
				CALL process_compute_inventory_for_detail(cursor_product_id,cursor_quantity,head_id_d,'DAMAGE DETAIL');
			ELSEIF (table_name_d = 'RELEASE HEAD') THEN
				CALL process_compute_inventory_for_detail(cursor_product_id,cursor_quantity,head_id_d,'RELEASE DETAIL');
            ELSEIF (table_name_d = 'RECEIVE HEAD') THEN
				CALL process_compute_inventory_for_detail(cursor_product_id,(-1 * cursor_quantity),head_id_d,'RECEIVE DETAIL');
				CALL process_update_receive(cursor_other_id,(-1 * cursor_quantity),'RECEIVE DETAIL');
			ELSEIF (table_name_d = 'PURCHASE RETURN HEAD') THEN
				CALL process_compute_inventory_for_detail(cursor_product_id,cursor_quantity,head_id_d,'PURCHASE RETURN DETAIL');
			ELSEIF (table_name_d = 'DELIVERY HEAD') THEN
				CALL process_compute_inventory_for_detail(cursor_product_id,cursor_quantity,head_id_d,'DELIVERY DETAIL');
            END IF;
	END LOOP;
    
    IF (table_name_d = 'CUSTOMER RETURN HEAD') THEN
		CLOSE cursor_return;
	ELSEIF (table_name_d = 'DAMAGE HEAD') THEN
		CLOSE cursor_damage;
	ELSEIF (table_name_d = 'RELEASE HEAD') THEN
		CLOSE cursor_release;
    ELSEIF (table_name_d = 'RECEIVE HEAD') THEN
		CLOSE cursor_received;
	ELSEIF (table_name_d = 'PURCHASE RETURN HEAD') THEN
		CLOSE cursor_purchase_return;
	ELSEIF (table_name_d = 'DELIVERY HEAD') THEN
		CLOSE cursor_delivery;
	END IF;
END ;;
DELIMITER ;
/*!50003 SET sql_mode              = @saved_sql_mode */ ;
/*!50003 SET character_set_client  = @saved_cs_client */ ;
/*!50003 SET character_set_results = @saved_cs_results */ ;
/*!50003 SET collation_connection  = @saved_col_connection */ ;
/*!50003 DROP PROCEDURE IF EXISTS `process_initialize_branch_inventory` */;
/*!50003 SET @saved_cs_client      = @@character_set_client */ ;
/*!50003 SET @saved_cs_results     = @@character_set_results */ ;
/*!50003 SET @saved_col_connection = @@collation_connection */ ;
/*!50003 SET character_set_client  = utf8 */ ;
/*!50003 SET character_set_results = utf8 */ ;
/*!50003 SET collation_connection  = utf8_general_ci */ ;
/*!50003 SET @saved_sql_mode       = @@sql_mode */ ;
/*!50003 SET sql_mode              = '' */ ;
DELIMITER ;;
CREATE DEFINER=`root`@`localhost` PROCEDURE `process_initialize_branch_inventory`(
    IN `branch_id_d` BIGINT
)
BEGIN
	IF(branch_id_d <> 0 ) THEN
		SET @product_count := 0;
        SELECT COUNT(*) INTO @product_count FROM product;
        IF(@product_count <> 0) THEN
			INSERT INTO product_branch_inventory(`branch_id`,`product_id`)
            SELECT branch_id_d, `id` FROM product;
        END IF;
    END IF;
END ;;
DELIMITER ;
/*!50003 SET sql_mode              = @saved_sql_mode */ ;
/*!50003 SET character_set_client  = @saved_cs_client */ ;
/*!50003 SET character_set_results = @saved_cs_results */ ;
/*!50003 SET collation_connection  = @saved_col_connection */ ;
/*!50003 DROP PROCEDURE IF EXISTS `process_update_receive` */;
/*!50003 SET @saved_cs_client      = @@character_set_client */ ;
/*!50003 SET @saved_cs_results     = @@character_set_results */ ;
/*!50003 SET @saved_col_connection = @@collation_connection */ ;
/*!50003 SET character_set_client  = utf8 */ ;
/*!50003 SET character_set_results = utf8 */ ;
/*!50003 SET collation_connection  = utf8_general_ci */ ;
/*!50003 SET @saved_sql_mode       = @@sql_mode */ ;
/*!50003 SET sql_mode              = '' */ ;
DELIMITER ;;
CREATE DEFINER=`root`@`localhost` PROCEDURE `process_update_receive`(
	IN `detail_id_d` BIGINT,
    IN `quantity_d` INT,
    IN `table_name_d` VARCHAR(50)
)
BEGIN
	UPDATE `purchase_detail`
		SET `recv_quantity` = `recv_quantity` + quantity_d
        WHERE `id` = detail_id_d;
END ;;
DELIMITER ;
/*!50003 SET sql_mode              = @saved_sql_mode */ ;
/*!50003 SET character_set_client  = @saved_cs_client */ ;
/*!50003 SET character_set_results = @saved_cs_results */ ;
/*!50003 SET collation_connection  = @saved_col_connection */ ;
/*!40103 SET TIME_ZONE=@OLD_TIME_ZONE */;

/*!40101 SET SQL_MODE=@OLD_SQL_MODE */;
/*!40014 SET FOREIGN_KEY_CHECKS=@OLD_FOREIGN_KEY_CHECKS */;
/*!40014 SET UNIQUE_CHECKS=@OLD_UNIQUE_CHECKS */;
/*!40101 SET CHARACTER_SET_CLIENT=@OLD_CHARACTER_SET_CLIENT */;
/*!40101 SET CHARACTER_SET_RESULTS=@OLD_CHARACTER_SET_RESULTS */;
/*!40101 SET COLLATION_CONNECTION=@OLD_COLLATION_CONNECTION */;
/*!40111 SET SQL_NOTES=@OLD_SQL_NOTES */;

-- Dump completed on 2015-07-06  3:54:12
